,,Committed,Scenario A1B,Scenario A2,Scenario B1
Year,Month,øK,øK,øK,øK
2001,1,273.37,274.77,273.60,275.44
2002,1,273.81,273.89,274.54,275.71
2003,1,271.36,274.26,271.44,275.10
2004,1,271.88,276.97,274.58,273.93
2005,1,274.46,272.36,274.52,274.83
2006,1,273.13,273.53,274.65,274.61
2007,1,273.70,274.45,272.13,274.43
2008,1,273.24,272.46,275.41,274.16
2009,1,277.47,276.41,274.18,273.85
2010,1,271.95,274.03,276.60,272.78
2011,1,276.26,275.67,273.69,276.76
2012,1,271.75,274.64,275.60,276.09
2013,1,272.35,273.27,273.63,276.40
2014,1,273.10,274.17,274.06,276.56
2015,1,274.96,275.91,274.29,268.85
2016,1,276.12,273.15,273.53,274.21
2017,1,277.05,277.65,270.86,277.22
2018,1,274.64,274.35,274.11,274.55
2019,1,274.55,275.64,278.63,276.06
2020,1,274.74,274.41,273.94,274.88
2021,1,274.98,272.68,274.68,273.89
2022,1,272.43,275.09,273.10,277.20
2023,1,273.17,273.44,272.69,274.14
2024,1,275.88,273.79,272.88,273.30
2025,1,274.35,274.52,276.69,274.82
2026,1,276.42,276.65,273.39,277.38
2027,1,274.40,274.93,272.91,275.81
2028,1,272.85,272.25,276.66,276.19
2029,1,273.99,274.01,273.53,273.89
2030,1,273.39,274.54,275.08,275.74
2031,1,276.37,277.80,273.94,272.75
2032,1,274.23,275.69,274.08,271.79
2033,1,274.73,275.73,277.25,276.10
2034,1,273.86,275.71,274.75,274.44
2035,1,274.77,274.52,276.17,276.09
2036,1,276.96,275.30,273.55,274.40
2037,1,274.04,272.63,276.78,274.93
2038,1,275.33,275.64,274.94,276.92
2039,1,274.72,270.28,272.71,274.48
2040,1,272.16,275.68,276.25,277.24
2041,1,275.34,273.29,277.75,274.81
2042,1,274.57,274.82,277.75,273.44
2043,1,276.22,276.48,274.48,273.88
2044,1,275.50,273.57,275.47,274.87
2045,1,273.37,273.69,274.35,275.80
2046,1,276.21,277.89,276.29,275.77
2047,1,275.56,276.76,276.38,274.51
2048,1,272.43,276.33,276.49,272.18
2049,1,274.19,275.45,275.57,274.89
2050,1,274.17,276.34,276.65,276.64
2051,1,276.60,271.60,277.04,276.56
2052,1,275.58,271.83,273.56,274.86
2053,1,273.06,277.40,273.04,272.24
2054,1,274.61,275.26,274.44,273.53
2055,1,277.46,274.58,272.39,274.65
2056,1,274.84,276.08,275.02,274.81
2057,1,273.87,276.59,276.30,276.53
2058,1,273.32,277.22,276.37,276.83
2059,1,272.30,274.89,277.64,272.85
2060,1,272.67,277.40,276.51,275.03
2061,1,275.53,273.32,276.58,274.91
2062,1,274.02,275.83,276.81,276.74
2063,1,275.45,276.18,272.38,276.78
2064,1,274.77,276.43,276.87,276.20
2065,1,275.51,275.18,276.86,275.55
2066,1,275.60,276.08,276.11,275.45
2067,1,276.29,275.84,277.20,276.02
2068,1,271.11,278.84,278.15,275.02
2069,1,277.77,274.08,275.56,276.11
2070,1,276.95,275.23,276.36,274.25
2071,1,273.64,277.73,276.70,275.43
2072,1,272.04,272.53,275.76,275.78
2073,1,274.63,277.87,275.65,277.75
2074,1,273.38,274.61,275.49,275.55
2075,1,276.19,275.24,279.46,273.47
2076,1,274.01,275.91,277.91,275.80
2077,1,274.52,278.67,275.65,276.10
2078,1,270.98,277.01,277.00,276.21
2079,1,274.88,279.51,277.09,275.13
2080,1,274.99,275.96,278.02,275.65
2081,1,274.53,276.23,276.50,274.39
2082,1,277.33,276.30,278.54,276.36
2083,1,275.36,278.06,279.08,272.97
2084,1,273.51,275.01,279.25,274.59
2085,1,271.16,275.86,275.71,275.44
2086,1,272.80,276.90,272.88,275.86
2087,1,275.20,278.73,278.48,276.51
2088,1,276.39,276.79,276.30,273.45
2089,1,273.90,275.82,280.77,277.33
2090,1,276.04,277.32,275.71,276.49
2091,1,278.01,278.39,273.70,274.49
2092,1,274.93,274.87,276.54,277.37
2093,1,276.01,278.95,277.63,279.30
2094,1,271.87,273.02,278.51,277.22
2095,1,273.13,276.35,277.60,273.70
2096,1,273.72,278.71,278.13,274.05
2097,1,276.88,279.57,276.94,272.51
2098,1,273.15,276.40,274.61,271.59
2099,1,277.16,281.84,280.22,274.00
2100,1,273.61,277.26,278.55,275.43
2001,2,273.20,276.81,278.61,276.59
2002,2,274.93,277.76,276.30,276.16
2003,2,276.35,276.26,276.85,273.46
2004,2,278.97,276.76,276.84,277.64
2005,2,277.22,272.57,275.08,276.51
2006,2,276.72,275.88,279.36,281.35
2007,2,274.59,278.04,277.95,276.59
2008,2,277.21,275.24,276.13,276.15
2009,2,274.27,280.74,275.34,277.84
2010,2,277.53,274.75,277.40,276.08
2011,2,276.23,275.46,276.39,275.60
2012,2,276.02,277.44,274.18,275.94
2013,2,277.85,277.22,273.25,277.11
2014,2,277.01,275.92,277.24,275.37
2015,2,275.16,275.95,275.55,276.84
2016,2,275.98,277.64,276.31,277.36
2017,2,277.57,276.40,276.76,276.40
2018,2,276.05,271.92,278.52,275.76
2019,2,275.04,275.82,274.33,276.16
2020,2,277.54,277.89,279.78,279.06
2021,2,277.29,277.63,276.52,274.13
2022,2,276.71,275.37,277.76,275.73
2023,2,275.12,276.94,277.13,276.82
2024,2,276.82,279.12,276.42,273.71
2025,2,275.91,276.48,277.81,277.86
2026,2,277.00,277.07,276.68,278.52
2027,2,279.84,278.55,274.37,275.75
2028,2,277.28,276.85,276.87,276.23
2029,2,277.47,277.49,275.39,278.00
2030,2,277.68,280.07,280.24,278.04
2031,2,276.31,279.35,274.44,276.31
2032,2,271.19,278.72,278.78,276.59
2033,2,277.33,274.60,277.65,275.91
2034,2,273.88,276.92,278.17,278.14
2035,2,278.26,274.50,281.58,274.14
2036,2,278.45,277.63,278.02,274.88
2037,2,277.29,277.84,277.09,278.72
2038,2,277.06,276.63,279.10,277.95
2039,2,279.13,274.83,276.06,274.85
2040,2,273.55,275.80,276.77,276.31
2041,2,277.38,278.11,276.35,278.82
2042,2,277.32,276.72,277.24,277.14
2043,2,278.28,278.64,276.40,279.32
2044,2,276.71,276.16,277.63,273.15
2045,2,274.24,277.99,278.59,279.72
2046,2,276.93,278.00,281.62,276.99
2047,2,276.91,280.80,275.16,274.84
2048,2,275.54,279.64,277.29,277.14
2049,2,276.01,280.06,275.74,280.79
2050,2,279.41,279.24,279.00,277.80
2051,2,279.96,276.43,282.73,277.10
2052,2,277.78,280.01,279.26,273.73
2053,2,276.52,277.93,273.75,278.38
2054,2,273.71,279.49,278.06,276.58
2055,2,275.07,276.75,274.14,276.90
2056,2,278.66,277.32,278.73,276.68
2057,2,277.32,280.08,277.87,278.49
2058,2,274.83,280.07,275.85,275.31
2059,2,275.83,280.51,279.06,277.25
2060,2,276.52,278.01,276.93,278.27
2061,2,278.86,279.18,278.97,275.33
2062,2,277.72,277.61,277.57,278.43
2063,2,278.15,280.29,277.89,280.02
2064,2,279.21,277.42,275.06,279.99
2065,2,277.75,278.64,280.53,276.64
2066,2,276.33,280.51,279.35,279.11
2067,2,278.30,278.25,275.28,278.86
2068,2,274.13,276.87,277.56,279.59
2069,2,276.81,275.29,278.63,277.69
2070,2,279.05,280.97,279.45,277.07
2071,2,276.25,281.67,276.11,277.32
2072,2,274.40,277.73,277.13,279.85
2073,2,276.57,278.48,279.30,273.53
2074,2,276.25,277.66,278.48,278.30
2075,2,276.45,278.54,279.82,280.07
2076,2,275.49,278.63,278.91,279.71
2077,2,278.10,279.41,279.31,276.11
2078,2,273.00,277.83,279.53,282.25
2079,2,275.93,277.05,279.59,277.34
2080,2,277.59,281.48,279.59,278.90
2081,2,275.22,278.72,280.32,278.47
2082,2,280.12,276.71,280.54,277.34
2083,2,277.95,279.65,279.87,278.01
2084,2,279.21,276.60,280.01,276.59
2085,2,274.97,280.38,281.65,278.45
2086,2,277.70,279.63,276.41,278.41
2087,2,274.49,281.46,278.57,277.65
2088,2,270.97,278.97,283.30,277.46
2089,2,278.36,282.98,280.48,277.52
2090,2,273.58,280.91,280.76,279.63
2091,2,279.75,280.30,280.86,278.88
2092,2,277.51,279.25,278.46,277.64
2093,2,279.00,279.52,276.99,279.60
2094,2,276.99,277.22,283.23,277.30
2095,2,275.12,279.67,279.10,277.98
2096,2,278.52,276.77,280.72,276.13
2097,2,277.39,281.45,279.62,278.58
2098,2,277.20,280.18,277.63,280.54
2099,2,280.09,279.44,279.65,275.81
2100,2,277.49,280.80,282.68,276.49
2001,3,279.10,279.59,281.03,282.35
2002,3,279.27,280.01,280.49,282.77
2003,3,281.16,281.77,281.72,276.82
2004,3,282.22,282.61,282.13,280.99
2005,3,279.78,279.70,275.19,280.64
2006,3,280.43,279.13,281.49,285.62
2007,3,278.63,281.68,281.11,280.44
2008,3,282.66,283.62,279.94,278.71
2009,3,280.49,280.20,279.08,284.03
2010,3,282.11,278.79,282.80,280.54
2011,3,281.40,280.95,282.39,275.60
2012,3,283.33,280.88,279.88,280.28
2013,3,279.07,279.68,281.71,282.52
2014,3,281.19,281.31,282.23,283.40
2015,3,281.91,282.38,282.21,281.60
2016,3,282.80,281.48,280.56,283.09
2017,3,279.29,281.33,276.53,281.28
2018,3,280.31,282.62,282.58,278.47
2019,3,281.61,281.49,278.67,279.64
2020,3,279.61,282.31,282.65,280.62
2021,3,283.37,280.13,282.45,281.14
2022,3,279.47,282.97,280.43,279.08
2023,3,278.15,283.11,279.94,280.12
2024,3,284.57,280.62,284.73,280.69
2025,3,282.54,281.25,283.84,281.49
2026,3,278.65,283.68,281.19,282.42
2027,3,281.86,281.95,282.94,284.23
2028,3,277.17,281.90,283.78,281.09
2029,3,285.08,279.52,282.25,282.94
2030,3,281.89,280.25,284.89,280.38
2031,3,281.71,286.20,277.16,282.79
2032,3,281.59,280.28,282.18,278.84
2033,3,283.09,282.66,282.44,283.20
2034,3,279.02,280.84,277.01,284.25
2035,3,277.75,281.50,280.77,281.01
2036,3,284.08,282.76,281.90,283.40
2037,3,284.96,281.11,281.79,281.26
2038,3,279.09,282.40,283.41,283.02
2039,3,282.28,279.17,279.73,280.96
2040,3,280.91,280.76,282.14,283.43
2041,3,277.87,281.54,283.17,281.41
2042,3,278.70,282.91,282.60,281.13
2043,3,281.59,280.95,284.67,284.78
2044,3,281.29,284.00,284.22,283.47
2045,3,280.14,280.78,285.31,278.88
2046,3,281.75,280.56,284.57,282.81
2047,3,283.81,281.67,282.46,281.23
2048,3,282.95,281.98,282.17,281.62
2049,3,280.45,282.99,280.68,284.68
2050,3,283.07,282.42,281.57,286.73
2051,3,281.65,282.61,283.08,278.44
2052,3,284.00,282.90,281.80,279.76
2053,3,280.00,283.39,282.40,283.89
2054,3,278.77,283.68,285.63,282.21
2055,3,280.33,282.19,282.50,282.54
2056,3,283.56,281.81,281.86,280.75
2057,3,277.71,283.89,283.11,286.66
2058,3,280.80,282.74,284.38,282.08
2059,3,282.77,281.83,284.78,281.44
2060,3,283.49,279.10,284.30,279.98
2061,3,281.79,281.77,283.31,283.20
2062,3,281.00,277.36,282.73,286.15
2063,3,278.22,284.83,281.08,282.20
2064,3,281.82,281.41,285.34,284.72
2065,3,279.47,282.66,285.24,282.35
2066,3,281.31,286.83,285.80,281.92
2067,3,283.49,284.88,281.68,281.31
2068,3,279.45,284.10,284.35,285.22
2069,3,280.81,281.49,283.78,281.83
2070,3,284.19,282.09,283.43,279.07
2071,3,283.16,283.68,285.33,284.43
2072,3,282.17,281.72,283.31,285.23
2073,3,280.33,282.08,285.72,281.20
2074,3,276.73,283.72,280.61,283.51
2075,3,283.53,280.86,281.08,285.08
2076,3,280.55,286.59,281.38,282.34
2077,3,279.52,283.29,281.73,282.94
2078,3,283.08,283.25,286.76,282.16
2079,3,280.21,284.46,287.23,282.11
2080,3,280.90,281.09,281.99,281.98
2081,3,284.13,282.63,282.47,281.80
2082,3,282.28,284.55,283.81,283.57
2083,3,279.16,283.42,285.01,280.21
2084,3,281.00,283.08,281.93,281.53
2085,3,279.20,284.38,285.18,282.39
2086,3,278.83,283.75,281.85,280.53
2087,3,279.25,285.98,286.47,281.81
2088,3,280.29,283.18,286.38,281.10
2089,3,280.74,283.83,284.19,282.20
2090,3,276.99,285.76,281.38,284.48
2091,3,283.61,285.45,287.37,281.03
2092,3,280.28,281.59,286.73,281.15
2093,3,282.93,283.55,285.99,283.73
2094,3,279.87,282.11,283.44,282.91
2095,3,281.80,287.16,286.61,283.22
2096,3,280.55,282.20,286.88,283.01
2097,3,285.56,282.10,284.88,283.20
2098,3,280.78,281.05,284.22,285.26
2099,3,280.52,281.87,284.47,280.35
2100,3,278.89,285.40,283.19,282.12
2001,4,286.20,289.16,286.17,287.60
2002,4,287.61,287.66,283.04,289.09
2003,4,287.86,287.02,289.55,286.15
2004,4,289.82,284.09,287.29,289.28
2005,4,283.36,286.18,287.53,286.80
2006,4,286.48,289.12,283.67,288.18
2007,4,283.54,284.09,289.63,285.16
2008,4,292.11,288.85,285.60,285.09
2009,4,288.53,289.19,287.98,285.24
2010,4,286.79,288.89,280.50,291.46
2011,4,286.46,284.44,288.32,284.39
2012,4,285.74,286.50,285.27,286.99
2013,4,286.49,287.51,287.18,288.59
2014,4,285.55,288.45,287.71,289.15
2015,4,289.25,286.24,286.61,288.10
2016,4,286.03,288.99,286.93,286.82
2017,4,282.85,288.30,288.40,285.30
2018,4,286.53,286.68,289.50,285.50
2019,4,287.34,288.28,287.37,284.71
2020,4,286.44,287.35,290.05,285.36
2021,4,288.53,288.57,288.63,285.47
2022,4,286.09,288.45,288.41,285.13
2023,4,282.53,289.99,288.89,287.73
2024,4,288.54,286.74,290.76,287.49
2025,4,286.36,286.95,282.47,287.97
2026,4,286.40,287.43,288.65,289.40
2027,4,285.95,289.35,286.82,290.59
2028,4,286.63,286.87,288.54,287.67
2029,4,286.54,286.07,287.62,288.77
2030,4,290.27,287.93,289.11,290.07
2031,4,288.03,287.73,287.70,287.20
2032,4,285.28,289.60,287.34,286.10
2033,4,289.19,289.26,286.18,286.10
2034,4,285.28,285.92,288.76,286.01
2035,4,285.19,287.31,289.83,290.74
2036,4,287.54,282.64,288.36,287.25
2037,4,288.73,287.66,286.88,288.55
2038,4,288.45,287.03,287.12,288.81
2039,4,286.27,287.60,288.42,288.81
2040,4,286.08,286.82,288.97,289.29
2041,4,287.69,284.61,287.83,290.46
2042,4,286.01,288.12,291.15,286.65
2043,4,287.12,287.25,291.66,290.71
2044,4,288.48,290.33,287.19,288.69
2045,4,286.97,286.32,288.79,287.62
2046,4,285.78,290.51,289.54,286.73
2047,4,285.40,289.80,289.65,284.98
2048,4,288.28,289.68,288.55,286.89
2049,4,285.50,289.11,290.22,291.21
2050,4,289.67,289.46,289.03,289.12
2051,4,288.25,287.98,290.39,290.44
2052,4,289.58,287.43,289.86,289.17
2053,4,284.97,286.84,291.02,290.85
2054,4,283.93,287.98,286.85,287.71
2055,4,287.23,291.49,289.03,287.87
2056,4,290.89,288.59,284.65,288.93
2057,4,290.04,291.20,292.54,285.90
2058,4,284.35,290.53,289.60,289.78
2059,4,285.15,293.21,292.72,287.01
2060,4,286.10,288.71,288.14,289.08
2061,4,284.50,288.96,290.48,289.32
2062,4,286.95,290.72,287.85,291.45
2063,4,284.36,288.53,286.38,286.27
2064,4,287.81,287.64,291.13,288.18
2065,4,287.41,291.90,292.38,288.98
2066,4,285.05,291.07,286.05,284.38
2067,4,289.04,291.29,288.57,287.75
2068,4,282.62,287.61,289.37,288.94
2069,4,288.07,291.04,288.75,287.65
2070,4,287.80,289.98,290.71,287.02
2071,4,287.01,291.59,292.45,289.11
2072,4,287.71,289.76,289.20,290.80
2073,4,287.16,288.16,285.65,288.72
2074,4,287.46,291.40,288.06,285.25
2075,4,286.54,292.37,290.90,292.80
2076,4,284.40,290.18,287.27,290.09
2077,4,285.46,292.72,290.00,287.04
2078,4,288.59,290.31,288.06,291.95
2079,4,287.35,292.74,293.36,290.21
2080,4,286.40,293.05,288.78,289.12
2081,4,287.16,290.28,285.48,288.33
2082,4,283.16,288.88,288.90,288.14
2083,4,285.31,292.00,290.60,288.09
2084,4,287.42,289.39,290.16,287.99
2085,4,285.19,291.34,288.66,287.90
2086,4,286.78,291.07,289.13,286.98
2087,4,285.03,291.12,290.87,288.61
2088,4,289.59,285.67,291.38,285.90
2089,4,286.62,291.00,287.16,288.51
2090,4,285.47,291.75,290.72,284.38
2091,4,286.54,293.63,293.78,286.88
2092,4,287.29,289.97,292.79,287.35
2093,4,287.99,290.65,290.94,287.13
2094,4,288.18,290.83,293.05,285.79
2095,4,284.04,291.66,292.02,289.97
2096,4,285.11,290.30,291.61,290.66
2097,4,287.18,289.65,289.90,289.61
2098,4,288.10,290.32,292.58,285.93
2099,4,288.42,290.80,293.15,287.72
2100,4,285.63,288.95,290.12,292.69
2001,5,294.20,292.67,290.00,295.06
2002,5,289.29,291.21,290.50,291.92
2003,5,292.94,295.42,296.33,292.81
2004,5,290.91,294.85,294.01,295.35
2005,5,296.34,290.77,292.15,291.58
2006,5,297.55,296.47,290.54,292.75
2007,5,293.45,291.08,294.50,290.46
2008,5,294.52,288.93,288.70,290.41
2009,5,293.26,292.89,291.79,292.08
2010,5,293.99,291.95,289.40,296.11
2011,5,292.63,291.33,292.07,293.12
2012,5,290.64,291.88,291.21,295.56
2013,5,290.48,293.39,288.40,294.48
2014,5,292.70,294.40,295.58,292.23
2015,5,291.77,296.62,290.90,289.11
2016,5,294.14,293.70,293.37,294.31
2017,5,293.14,294.87,294.22,289.25
2018,5,293.12,294.39,294.12,290.69
2019,5,293.35,296.58,292.58,293.21
2020,5,291.68,294.29,293.90,293.33
2021,5,293.48,294.74,293.94,295.95
2022,5,292.19,291.35,292.45,294.62
2023,5,291.44,293.95,294.61,292.86
2024,5,293.50,296.03,296.91,294.40
2025,5,290.30,295.79,290.73,291.88
2026,5,291.02,290.01,292.45,297.71
2027,5,293.18,294.66,291.55,290.92
2028,5,291.79,296.26,295.37,294.02
2029,5,292.50,293.36,290.39,290.04
2030,5,292.77,288.43,298.64,292.82
2031,5,293.71,294.39,291.73,293.03
2032,5,295.95,296.67,293.54,294.78
2033,5,292.27,293.46,294.58,297.13
2034,5,292.51,292.85,295.62,296.35
2035,5,290.82,291.72,296.51,295.81
2036,5,293.68,289.96,292.60,296.34
2037,5,294.22,296.48,291.45,297.60
2038,5,296.65,296.30,296.89,293.25
2039,5,292.68,292.65,294.33,293.20
2040,5,293.86,294.20,296.78,294.80
2041,5,292.28,293.76,296.13,296.23
2042,5,293.14,292.47,295.12,291.39
2043,5,292.41,293.49,296.41,295.82
2044,5,294.54,294.12,297.25,290.55
2045,5,290.58,295.56,295.15,295.77
2046,5,293.71,297.51,294.04,293.10
2047,5,294.79,291.96,295.17,292.13
2048,5,291.75,297.80,292.35,294.65
2049,5,292.18,296.73,296.05,296.90
2050,5,294.47,294.83,295.13,296.14
2051,5,292.44,293.01,291.61,292.14
2052,5,292.63,296.30,292.51,294.48
2053,5,293.05,296.07,296.76,295.74
2054,5,295.02,293.12,294.00,293.08
2055,5,298.10,294.70,299.28,293.37
2056,5,291.42,295.17,291.59,293.30
2057,5,295.03,296.22,296.10,293.88
2058,5,292.54,296.08,291.61,294.15
2059,5,289.26,294.42,297.20,294.07
2060,5,293.53,290.68,294.49,295.82
2061,5,292.48,293.27,296.35,292.06
2062,5,292.29,292.59,296.01,297.06
2063,5,290.52,295.50,293.59,291.67
2064,5,297.29,294.69,290.97,296.09
2065,5,289.41,297.58,295.66,295.34
2066,5,290.97,296.43,292.72,291.14
2067,5,295.02,296.72,294.17,294.21
2068,5,291.19,295.99,297.38,294.54
2069,5,294.47,293.73,296.34,295.49
2070,5,291.66,294.48,296.15,296.83
2071,5,294.63,295.22,293.95,296.74
2072,5,292.55,292.05,293.32,295.47
2073,5,295.52,291.69,295.81,291.05
2074,5,292.16,297.13,296.39,294.90
2075,5,293.23,296.59,295.83,293.36
2076,5,292.20,298.24,292.93,298.69
2077,5,291.76,292.18,300.23,295.18
2078,5,292.66,298.33,295.62,293.66
2079,5,294.55,294.42,295.83,295.99
2080,5,292.14,295.99,293.76,297.81
2081,5,294.60,297.86,295.37,295.33
2082,5,291.37,295.30,295.68,293.63
2083,5,293.84,297.74,298.80,294.18
2084,5,294.87,298.43,300.94,293.39
2085,5,292.78,296.05,299.42,297.20
2086,5,290.66,294.90,294.62,292.62
2087,5,292.97,295.02,296.93,297.25
2088,5,292.99,293.71,298.86,294.40
2089,5,294.31,295.19,293.59,295.75
2090,5,290.00,296.96,298.42,295.25
2091,5,295.10,298.19,297.26,293.37
2092,5,290.79,292.61,297.16,294.96
2093,5,289.81,296.53,296.60,295.01
2094,5,293.71,294.47,295.15,296.48
2095,5,290.70,299.59,297.79,296.71
2096,5,291.32,296.29,296.69,298.30
2097,5,292.50,295.30,295.60,296.29
2098,5,291.23,299.03,296.02,295.46
2099,5,295.97,293.98,301.78,298.46
2100,5,293.57,295.89,296.48,294.98
2001,6,298.79,297.07,294.95,298.47
2002,6,298.80,298.32,299.88,301.84
2003,6,296.33,299.15,302.71,297.15
2004,6,296.08,296.00,304.78,300.52
2005,6,299.81,295.87,298.17,300.05
2006,6,300.54,302.68,300.59,294.48
2007,6,298.57,297.41,299.34,297.66
2008,6,301.71,299.69,294.39,299.30
2009,6,297.86,296.62,296.69,298.60
2010,6,300.36,297.41,296.92,301.20
2011,6,296.73,299.92,295.46,299.53
2012,6,297.90,296.38,295.77,302.11
2013,6,296.20,294.89,296.04,298.10
2014,6,298.35,297.26,296.48,303.22
2015,6,297.68,299.33,296.07,297.60
2016,6,295.99,300.36,300.04,299.25
2017,6,297.77,297.79,298.86,296.60
2018,6,299.01,297.88,298.48,300.20
2019,6,297.87,297.42,299.42,298.78
2020,6,297.35,299.59,303.07,299.43
2021,6,297.93,298.46,296.49,296.01
2022,6,297.05,294.72,298.31,302.02
2023,6,302.22,300.24,304.14,301.84
2024,6,297.25,304.12,299.10,300.30
2025,6,295.75,300.80,300.24,298.85
2026,6,299.64,296.23,298.34,299.99
2027,6,297.37,297.83,298.32,299.70
2028,6,299.65,301.37,303.73,298.98
2029,6,297.90,297.46,295.12,296.42
2030,6,295.56,295.40,301.97,304.31
2031,6,298.43,303.07,295.08,297.13
2032,6,301.16,295.81,296.76,298.43
2033,6,298.57,303.27,299.77,297.72
2034,6,297.10,299.34,300.11,305.36
2035,6,294.88,299.37,303.65,301.51
2036,6,298.20,297.01,297.11,302.01
2037,6,300.48,305.08,300.02,300.39
2038,6,297.72,304.18,297.68,301.88
2039,6,295.83,297.85,302.69,305.93
2040,6,299.77,303.10,302.84,298.88
2041,6,297.61,300.89,300.80,300.34
2042,6,296.33,296.80,302.95,295.48
2043,6,300.47,297.67,301.49,302.12
2044,6,294.76,297.89,302.25,298.23
2045,6,296.82,297.91,303.09,299.81
2046,6,301.50,302.10,303.67,299.30
2047,6,303.11,299.99,299.75,297.22
2048,6,298.88,301.98,298.55,300.84
2049,6,297.11,297.56,296.88,301.51
2050,6,297.21,302.05,300.37,304.16
2051,6,298.66,296.01,298.88,303.51
2052,6,298.08,305.21,301.81,300.58
2053,6,303.06,303.86,300.29,297.68
2054,6,298.06,301.71,302.81,301.52
2055,6,300.10,303.15,306.49,299.97
2056,6,300.47,303.26,296.54,301.54
2057,6,302.50,302.68,305.92,298.13
2058,6,300.86,299.91,298.08,301.87
2059,6,298.67,303.61,301.90,299.96
2060,6,300.30,296.57,300.83,302.41
2061,6,296.91,296.82,302.96,296.54
2062,6,297.67,297.19,301.07,300.76
2063,6,293.97,304.43,300.41,300.07
2064,6,298.44,298.90,295.64,301.04
2065,6,294.99,298.38,300.79,298.94
2066,6,295.93,306.39,297.38,301.24
2067,6,299.30,302.16,302.08,296.10
2068,6,299.97,303.94,303.32,302.40
2069,6,295.71,299.31,300.99,303.82
2070,6,302.40,300.68,307.42,306.76
2071,6,298.85,300.18,299.25,301.73
2072,6,298.11,298.91,300.94,303.83
2073,6,299.81,295.91,301.86,297.47
2074,6,295.98,299.15,300.41,306.01
2075,6,295.56,304.73,302.55,301.56
2076,6,297.06,308.91,297.31,306.72
2077,6,298.83,296.73,304.84,305.54
2078,6,300.05,301.78,298.95,299.85
2079,6,296.33,297.41,302.79,302.13
2080,6,294.19,301.60,302.30,306.15
2081,6,298.60,298.13,297.65,298.09
2082,6,299.71,304.53,305.72,299.43
2083,6,301.40,297.06,303.71,300.81
2084,6,298.18,300.98,304.41,300.61
2085,6,297.26,299.75,304.09,304.42
2086,6,298.87,299.15,300.09,298.11
2087,6,296.58,302.07,305.62,302.93
2088,6,303.86,298.74,303.29,297.52
2089,6,299.62,302.08,299.41,304.59
2090,6,298.66,302.21,304.39,298.99
2091,6,303.74,303.28,301.26,299.61
2092,6,295.40,297.94,306.87,300.69
2093,6,295.20,304.59,303.67,300.33
2094,6,303.69,301.45,300.64,299.67
2095,6,296.32,305.11,302.15,305.68
2096,6,296.16,302.76,302.09,299.62
2097,6,299.16,303.82,299.95,300.15
2098,6,298.67,303.45,298.02,298.06
2099,6,302.32,299.56,298.84,300.36
2100,6,297.44,298.03,302.86,300.60
2001,7,305.51,302.18,299.17,304.10
2002,7,301.48,305.00,303.74,304.99
2003,7,302.72,303.84,306.92,302.92
2004,7,300.33,302.06,304.83,305.45
2005,7,300.67,303.13,300.99,302.21
2006,7,305.65,303.97,304.13,298.39
2007,7,301.13,300.32,304.46,304.97
2008,7,300.90,303.53,299.28,301.12
2009,7,303.95,301.46,302.58,303.51
2010,7,303.01,306.32,303.46,300.14
2011,7,298.86,303.83,300.47,302.71
2012,7,300.12,302.62,299.72,305.02
2013,7,297.13,304.22,299.69,299.36
2014,7,297.29,303.48,297.89,306.92
2015,7,302.59,298.14,305.31,305.31
2016,7,306.87,305.77,306.88,306.34
2017,7,301.66,306.30,304.05,299.43
2018,7,304.82,302.05,299.99,301.33
2019,7,298.62,306.00,305.42,305.56
2020,7,304.45,302.68,305.91,298.93
2021,7,301.34,298.42,297.10,304.70
2022,7,300.29,297.19,304.95,301.17
2023,7,305.73,300.97,307.30,306.70
2024,7,303.37,307.05,298.45,306.07
2025,7,305.24,304.75,302.14,304.12
2026,7,306.57,304.99,302.46,303.72
2027,7,307.32,304.96,302.90,307.09
2028,7,302.41,306.66,307.22,299.99
2029,7,303.92,302.91,298.76,304.49
2030,7,301.44,298.53,303.43,302.47
2031,7,300.77,305.67,298.83,300.14
2032,7,305.78,298.34,303.07,304.82
2033,7,302.64,305.57,306.24,305.83
2034,7,302.23,302.58,304.63,304.11
2035,7,300.88,305.44,305.67,301.04
2036,7,302.10,297.81,300.02,304.40
2037,7,303.84,307.50,302.75,307.66
2038,7,301.93,304.47,301.42,300.52
2039,7,296.46,299.23,307.34,307.39
2040,7,304.76,306.98,304.16,305.26
2041,7,303.98,305.35,303.82,309.02
2042,7,301.45,306.18,305.32,298.25
2043,7,306.39,302.72,306.14,307.83
2044,7,303.05,306.82,308.40,304.54
2045,7,304.97,303.49,304.43,306.74
2046,7,306.04,305.17,309.62,305.59
2047,7,306.05,306.54,308.93,305.66
2048,7,306.51,306.88,306.04,307.42
2049,7,303.05,300.79,307.53,304.06
2050,7,303.27,306.59,305.43,306.95
2051,7,306.99,298.58,307.47,303.63
2052,7,305.14,308.35,307.48,302.19
2053,7,301.38,307.51,305.54,305.76
2054,7,302.52,307.47,309.27,301.63
2055,7,304.91,302.94,308.27,306.17
2056,7,301.98,306.84,302.02,305.29
2057,7,305.24,309.22,307.22,304.21
2058,7,306.69,308.94,303.52,305.81
2059,7,304.56,305.92,304.24,307.49
2060,7,304.42,299.28,307.92,306.12
2061,7,306.37,300.37,307.42,298.13
2062,7,303.09,305.05,306.21,306.78
2063,7,302.42,303.25,306.09,307.11
2064,7,302.58,307.92,302.98,306.14
2065,7,297.43,307.11,305.26,304.79
2066,7,301.51,305.93,299.58,302.97
2067,7,301.03,308.69,307.46,302.70
2068,7,304.08,306.96,307.83,305.46
2069,7,307.38,308.87,306.86,306.07
2070,7,305.58,299.03,308.08,306.54
2071,7,302.05,304.16,307.67,306.67
2072,7,303.66,306.28,309.64,307.24
2073,7,301.33,301.13,305.42,303.41
2074,7,302.86,305.67,307.71,306.02
2075,7,301.10,302.39,307.41,305.77
2076,7,298.43,303.88,300.41,308.03
2077,7,302.56,302.55,307.97,298.79
2078,7,305.45,306.69,303.74,307.77
2079,7,303.29,304.14,303.92,305.59
2080,7,300.34,305.04,308.18,309.17
2081,7,302.38,305.50,306.82,304.64
2082,7,302.29,305.27,308.66,305.78
2083,7,305.58,304.51,309.92,307.17
2084,7,305.57,307.27,310.52,303.52
2085,7,298.63,309.70,309.80,308.93
2086,7,300.95,304.39,304.11,303.52
2087,7,301.22,309.04,308.59,306.97
2088,7,305.33,307.37,308.02,300.77
2089,7,304.89,304.74,305.86,307.67
2090,7,302.14,306.97,309.84,304.33
2091,7,307.09,306.84,302.94,306.51
2092,7,304.34,303.61,307.33,298.82
2093,7,302.34,309.51,310.96,304.76
2094,7,305.82,305.05,304.16,303.00
2095,7,299.75,309.29,307.88,307.39
2096,7,305.47,309.01,307.42,307.47
2097,7,302.90,307.95,307.30,302.88
2098,7,300.72,310.29,307.82,302.86
2099,7,298.02,306.16,306.31,304.14
2100,7,297.48,308.16,307.68,307.24
2001,8,305.23,303.10,302.15,304.60
2002,8,303.02,300.74,305.97,302.45
2003,8,300.44,306.05,305.44,303.73
2004,8,305.22,303.03,302.98,300.59
2005,8,304.10,302.96,304.27,300.31
2006,8,306.15,305.81,302.11,301.15
2007,8,304.08,302.93,305.53,304.67
2008,8,303.29,304.56,301.36,301.26
2009,8,302.89,304.27,303.02,304.74
2010,8,305.98,305.82,305.09,301.06
2011,8,301.79,303.71,302.96,303.44
2012,8,303.39,304.93,304.66,303.95
2013,8,298.60,303.66,303.01,307.03
2014,8,297.42,303.99,302.90,304.35
2015,8,304.59,302.11,305.06,302.74
2016,8,304.41,305.28,306.37,305.48
2017,8,305.53,303.14,302.53,302.77
2018,8,305.66,302.91,301.68,300.69
2019,8,300.18,304.70,304.33,303.73
2020,8,305.09,300.81,303.95,302.69
2021,8,306.78,301.41,304.11,303.98
2022,8,301.69,299.05,303.69,303.01
2023,8,302.81,303.11,306.16,305.29
2024,8,305.55,304.31,302.56,306.34
2025,8,306.52,304.40,304.09,303.19
2026,8,305.93,303.74,306.44,304.28
2027,8,303.71,306.55,301.93,302.03
2028,8,304.13,303.68,303.70,300.22
2029,8,303.76,305.88,303.32,302.73
2030,8,304.75,298.80,302.40,305.86
2031,8,303.67,304.49,302.50,299.01
2032,8,306.20,300.57,304.39,302.91
2033,8,305.53,305.83,305.72,303.09
2034,8,305.05,301.31,305.28,305.66
2035,8,303.92,301.47,306.59,307.21
2036,8,302.29,302.71,300.70,306.00
2037,8,305.70,302.60,304.90,304.68
2038,8,300.32,304.09,305.84,303.10
2039,8,299.02,301.93,307.25,302.69
2040,8,300.35,306.42,303.75,306.08
2041,8,304.40,302.83,305.01,307.42
2042,8,301.16,303.73,301.32,303.74
2043,8,306.73,303.72,304.88,302.30
2044,8,303.89,306.08,303.74,305.07
2045,8,305.32,305.47,306.53,307.15
2046,8,302.23,304.10,307.88,305.56
2047,8,300.42,305.25,308.43,303.14
2048,8,303.48,304.19,302.61,305.32
2049,8,302.46,304.97,305.27,303.61
2050,8,305.80,302.55,304.53,304.64
2051,8,301.57,301.81,306.58,305.80
2052,8,304.90,304.75,306.83,305.96
2053,8,303.65,303.94,303.16,306.20
2054,8,301.67,304.38,306.04,300.82
2055,8,306.35,302.64,307.84,301.67
2056,8,306.21,305.87,300.17,306.43
2057,8,304.88,307.46,307.23,306.03
2058,8,303.86,306.70,303.54,304.44
2059,8,305.99,305.73,305.44,307.68
2060,8,301.10,300.81,305.09,303.68
2061,8,302.51,300.10,308.25,297.49
2062,8,304.21,306.05,307.36,306.32
2063,8,300.27,307.82,307.50,304.65
2064,8,304.51,308.57,303.50,303.56
2065,8,300.32,308.35,305.48,304.82
2066,8,305.22,308.23,304.04,306.98
2067,8,303.02,306.49,305.73,303.28
2068,8,304.06,306.22,306.84,304.80
2069,8,300.47,306.42,307.51,303.97
2070,8,305.36,301.83,307.35,307.13
2071,8,305.15,305.70,309.18,305.10
2072,8,305.07,304.34,306.47,303.23
2073,8,302.26,303.96,307.00,302.46
2074,8,306.22,308.59,307.63,303.80
2075,8,303.85,306.58,306.67,305.93
2076,8,300.17,303.55,307.41,306.09
2077,8,301.26,305.78,304.50,304.28
2078,8,306.07,304.84,309.24,307.24
2079,8,304.10,305.32,305.30,305.93
2080,8,302.01,307.89,305.71,306.28
2081,8,304.03,304.36,307.89,305.37
2082,8,302.83,305.46,310.15,305.80
2083,8,303.48,306.50,307.77,304.10
2084,8,304.65,309.01,310.06,305.69
2085,8,300.44,308.14,306.97,306.75
2086,8,300.94,306.89,308.78,302.11
2087,8,304.72,309.41,309.54,306.52
2088,8,305.98,306.56,309.02,306.39
2089,8,304.93,306.19,306.67,307.28
2090,8,303.52,307.85,308.96,300.68
2091,8,305.44,308.98,304.12,303.35
2092,8,304.10,303.90,307.38,301.83
2093,8,304.79,309.71,308.12,304.05
2094,8,302.25,307.88,310.13,303.23
2095,8,302.38,307.74,308.64,304.53
2096,8,304.49,307.85,307.80,305.97
2097,8,300.44,305.53,308.42,300.44
2098,8,299.28,309.51,308.30,303.33
2099,8,305.37,307.35,307.62,305.60
2100,8,304.19,306.09,306.21,306.83
2001,9,299.77,299.84,295.46,299.25
2002,9,296.86,297.47,298.46,296.51
2003,9,297.19,298.48,299.24,293.15
2004,9,297.82,297.62,295.98,293.63
2005,9,300.30,297.60,297.08,296.81
2006,9,298.12,299.39,299.46,296.28
2007,9,297.51,296.36,297.53,300.65
2008,9,293.51,296.56,297.69,296.08
2009,9,298.38,297.36,296.29,297.24
2010,9,297.33,298.13,297.51,295.97
2011,9,292.09,298.09,296.55,299.20
2012,9,298.41,300.00,297.33,295.85
2013,9,291.58,295.11,294.58,300.81
2014,9,295.27,294.01,295.64,293.84
2015,9,298.73,294.73,297.07,295.58
2016,9,300.46,297.14,299.97,297.18
2017,9,294.71,297.02,300.87,296.11
2018,9,299.33,296.95,300.06,297.05
2019,9,298.64,294.78,295.63,301.37
2020,9,301.52,297.90,294.64,294.54
2021,9,300.28,298.88,296.23,296.59
2022,9,293.10,294.51,299.18,292.91
2023,9,293.98,297.28,295.95,297.82
2024,9,296.26,294.82,297.48,298.19
2025,9,296.85,297.58,297.67,298.28
2026,9,295.33,300.74,298.01,298.81
2027,9,300.94,298.31,295.36,297.79
2028,9,294.99,298.75,296.89,297.02
2029,9,295.64,298.35,299.59,298.49
2030,9,298.07,294.31,296.84,295.40
2031,9,299.73,299.27,296.48,294.28
2032,9,297.85,299.70,299.90,295.31
2033,9,299.69,299.80,297.70,294.72
2034,9,295.33,293.21,300.08,300.28
2035,9,295.59,294.98,300.10,298.54
2036,9,300.85,298.98,298.65,299.65
2037,9,296.63,301.19,295.41,298.06
2038,9,293.89,299.03,300.06,300.98
2039,9,296.06,299.37,299.53,297.84
2040,9,297.60,296.89,299.69,297.18
2041,9,298.80,292.44,298.66,299.18
2042,9,292.71,295.46,296.59,298.71
2043,9,298.64,299.59,300.41,295.88
2044,9,297.75,299.99,297.59,301.10
2045,9,299.40,297.27,298.42,303.03
2046,9,297.15,297.10,296.17,300.64
2047,9,295.38,303.80,299.11,299.61
2048,9,298.42,300.07,296.81,299.10
2049,9,297.41,300.58,295.80,300.57
2050,9,298.04,300.46,298.96,296.31
2051,9,298.52,297.27,295.49,300.15
2052,9,294.55,300.41,300.74,297.28
2053,9,294.21,299.46,298.54,298.79
2054,9,296.87,300.36,299.30,294.17
2055,9,298.87,301.01,296.55,294.63
2056,9,299.31,297.27,299.97,299.61
2057,9,293.37,300.14,302.99,300.02
2058,9,297.27,301.66,295.47,295.46
2059,9,296.87,296.37,297.08,300.36
2060,9,300.61,294.93,297.69,299.74
2061,9,297.45,294.03,298.14,296.82
2062,9,296.45,298.48,292.70,301.14
2063,9,294.85,296.64,297.89,299.02
2064,9,297.13,301.34,296.90,294.63
2065,9,299.37,301.51,300.94,297.95
2066,9,297.24,302.76,298.37,298.20
2067,9,299.40,299.90,301.38,298.50
2068,9,296.98,300.53,299.66,297.60
2069,9,295.85,301.61,295.35,293.30
2070,9,297.66,295.92,301.39,295.45
2071,9,300.67,299.65,297.71,301.42
2072,9,292.84,294.41,301.36,299.02
2073,9,295.49,296.57,302.45,297.66
2074,9,295.59,300.22,300.42,295.88
2075,9,295.79,301.12,302.47,297.59
2076,9,296.26,301.35,303.78,298.58
2077,9,300.49,300.33,298.62,299.31
2078,9,297.49,300.47,302.36,300.33
2079,9,300.13,301.57,302.07,297.15
2080,9,296.46,298.02,302.95,300.02
2081,9,295.04,296.71,299.03,301.05
2082,9,296.65,305.37,302.35,296.26
2083,9,297.71,297.70,299.65,298.21
2084,9,298.03,294.20,302.19,299.74
2085,9,294.43,297.74,304.97,295.97
2086,9,299.32,301.60,301.95,298.03
2087,9,299.69,301.51,304.70,296.82
2088,9,300.36,295.94,307.22,302.47
2089,9,293.33,302.36,303.56,298.24
2090,9,297.48,298.97,302.38,298.43
2091,9,298.80,297.97,302.64,303.07
2092,9,297.00,301.36,300.81,295.55
2093,9,297.55,301.72,304.91,300.92
2094,9,296.75,301.56,300.54,302.38
2095,9,297.93,304.13,300.79,302.09
2096,9,294.36,301.31,302.50,302.68
2097,9,296.54,300.33,305.15,302.03
2098,9,298.79,300.86,301.62,296.71
2099,9,293.06,302.50,302.78,297.79
2100,9,298.86,298.13,300.27,301.81
2001,10,289.62,291.60,289.64,293.31
2002,10,290.39,286.20,290.12,283.72
2003,10,287.86,292.85,288.59,285.15
2004,10,290.05,284.68,291.16,288.26
2005,10,289.34,290.34,289.06,284.74
2006,10,290.08,290.60,291.63,287.93
2007,10,290.41,291.13,290.88,290.82
2008,10,291.57,291.93,290.28,293.54
2009,10,286.00,289.62,286.95,289.10
2010,10,291.69,287.30,288.09,288.17
2011,10,285.04,290.22,292.02,287.65
2012,10,289.25,292.28,290.79,292.29
2013,10,286.38,288.44,291.31,290.29
2014,10,292.93,288.85,283.18,288.18
2015,10,288.16,286.14,287.09,291.24
2016,10,291.63,290.05,289.78,288.89
2017,10,288.82,290.72,288.26,289.54
2018,10,286.11,291.63,288.43,287.62
2019,10,287.09,288.52,287.02,288.47
2020,10,289.20,287.27,286.09,286.51
2021,10,289.75,285.84,289.34,287.47
2022,10,287.46,290.01,291.58,287.48
2023,10,287.88,289.60,291.87,289.70
2024,10,290.54,289.32,289.25,283.55
2025,10,290.55,292.16,286.15,286.88
2026,10,289.48,291.76,289.57,289.14
2027,10,289.98,289.01,290.18,292.75
2028,10,288.94,288.17,291.83,290.31
2029,10,286.95,295.00,290.26,289.67
2030,10,288.56,288.58,289.38,286.89
2031,10,288.94,289.82,289.69,291.95
2032,10,291.34,292.64,288.11,287.88
2033,10,288.97,292.74,291.12,291.24
2034,10,287.29,288.64,293.02,290.48
2035,10,289.53,292.21,291.01,284.54
2036,10,292.70,289.29,286.84,290.15
2037,10,289.20,288.75,289.87,287.92
2038,10,292.08,287.88,292.37,292.99
2039,10,290.48,288.90,293.94,286.55
2040,10,290.73,292.58,290.65,288.91
2041,10,287.29,288.50,291.96,293.69
2042,10,287.85,287.05,290.06,288.66
2043,10,290.96,292.79,290.75,291.18
2044,10,288.25,289.73,291.52,292.29
2045,10,292.03,294.85,292.63,287.63
2046,10,289.30,289.98,290.68,290.84
2047,10,289.42,293.04,285.75,291.39
2048,10,291.65,293.59,292.98,290.94
2049,10,291.80,286.49,289.38,293.30
2050,10,288.73,291.39,291.66,286.47
2051,10,291.76,287.62,290.63,293.88
2052,10,289.80,289.29,294.12,291.34
2053,10,288.61,294.00,291.80,292.94
2054,10,289.39,292.59,295.40,287.09
2055,10,290.41,291.13,294.81,290.14
2056,10,289.61,293.35,292.48,289.03
2057,10,285.92,290.77,291.51,290.19
2058,10,290.86,290.10,289.23,289.23
2059,10,291.23,293.68,289.49,285.91
2060,10,290.23,291.83,287.41,293.37
2061,10,289.70,291.25,292.74,290.83
2062,10,288.20,294.60,290.07,286.95
2063,10,290.90,289.57,291.45,291.79
2064,10,287.82,289.65,294.58,294.14
2065,10,293.47,293.45,292.10,293.33
2066,10,288.99,293.66,296.76,291.70
2067,10,288.19,290.98,292.55,290.25
2068,10,290.83,291.57,293.33,295.86
2069,10,290.05,283.54,292.11,290.76
2070,10,285.99,291.79,292.14,292.43
2071,10,290.78,291.14,289.26,287.45
2072,10,289.97,290.70,292.54,292.30
2073,10,291.58,290.68,290.62,290.68
2074,10,287.15,293.52,294.31,292.25
2075,10,286.54,290.33,294.38,288.95
2076,10,292.35,290.40,295.16,290.50
2077,10,291.62,294.61,292.39,293.86
2078,10,293.47,290.42,295.15,288.41
2079,10,291.41,288.91,292.90,289.48
2080,10,288.64,292.32,294.12,286.14
2081,10,291.06,294.06,296.30,292.64
2082,10,292.65,294.35,291.41,289.80
2083,10,290.38,292.16,295.72,289.52
2084,10,288.39,288.86,295.65,290.48
2085,10,289.73,288.39,294.37,287.05
2086,10,290.77,294.26,297.33,291.32
2087,10,293.39,287.84,294.41,293.08
2088,10,293.21,293.76,293.49,295.13
2089,10,288.80,296.62,295.18,289.74
2090,10,287.65,292.86,292.61,293.16
2091,10,286.46,291.56,290.47,291.73
2092,10,292.08,291.53,295.00,287.13
2093,10,288.54,292.15,291.94,292.66
2094,10,290.00,293.44,290.11,292.18
2095,10,292.69,291.27,293.07,294.95
2096,10,289.47,293.36,293.66,290.29
2097,10,292.05,293.70,291.14,292.35
2098,10,290.93,291.50,293.01,290.73
2099,10,288.37,293.30,291.98,292.64
2100,10,290.13,289.88,290.94,294.13
2001,11,282.07,281.09,279.81,278.82
2002,11,280.96,279.69,281.96,282.23
2003,11,280.96,281.09,281.20,281.93
2004,11,281.69,279.66,283.06,281.25
2005,11,282.78,282.58,281.90,280.33
2006,11,277.07,279.25,279.31,280.51
2007,11,280.35,281.82,282.75,279.78
2008,11,282.34,284.19,280.83,280.60
2009,11,280.43,281.45,279.70,278.44
2010,11,283.95,281.88,281.61,281.00
2011,11,281.07,286.38,281.08,281.68
2012,11,281.79,280.03,279.61,282.47
2013,11,278.68,282.47,281.50,280.49
2014,11,279.10,279.61,277.82,278.82
2015,11,283.31,278.45,280.31,278.47
2016,11,280.63,277.55,283.02,280.53
2017,11,281.00,279.64,281.01,280.92
2018,11,280.79,282.28,281.21,280.27
2019,11,280.12,281.50,281.68,279.75
2020,11,281.60,280.62,283.48,279.43
2021,11,279.48,282.06,279.61,280.62
2022,11,279.49,284.28,282.70,279.14
2023,11,284.31,281.29,283.10,282.96
2024,11,281.27,282.46,284.35,282.77
2025,11,281.29,281.41,279.47,279.72
2026,11,280.87,286.12,284.68,283.48
2027,11,281.82,281.91,282.33,280.65
2028,11,282.52,281.41,283.57,283.30
2029,11,281.29,283.84,280.80,281.03
2030,11,279.97,281.04,279.72,280.70
2031,11,282.03,284.11,281.62,283.74
2032,11,283.51,284.70,281.20,283.55
2033,11,283.23,281.55,284.15,277.60
2034,11,280.68,279.36,281.59,283.62
2035,11,282.36,279.48,284.61,282.46
2036,11,279.83,279.99,280.17,284.28
2037,11,283.40,285.88,281.33,280.77
2038,11,280.60,279.60,286.80,282.62
2039,11,282.65,280.82,279.70,281.53
2040,11,281.79,279.97,280.12,281.32
2041,11,279.60,279.80,283.58,281.08
2042,11,279.46,280.39,284.22,278.74
2043,11,285.88,280.92,283.02,279.51
2044,11,281.32,284.95,280.08,283.34
2045,11,284.40,281.48,284.33,282.90
2046,11,277.26,286.53,281.82,283.48
2047,11,281.64,281.61,281.17,284.93
2048,11,280.44,283.27,282.50,279.81
2049,11,279.05,282.04,282.81,279.33
2050,11,282.80,283.81,281.51,282.05
2051,11,282.15,283.84,285.41,281.02
2052,11,280.73,282.72,285.15,282.58
2053,11,279.12,283.17,284.84,283.07
2054,11,281.19,281.25,281.05,280.09
2055,11,280.27,281.63,278.57,283.89
2056,11,282.75,285.77,283.16,281.91
2057,11,281.81,282.61,282.73,281.47
2058,11,280.54,283.27,283.15,281.35
2059,11,281.99,279.16,279.89,281.10
2060,11,284.92,280.11,284.31,280.31
2061,11,281.98,281.96,281.15,284.46
2062,11,279.23,282.57,281.27,281.37
2063,11,283.56,285.35,281.73,285.26
2064,11,283.05,284.04,280.88,280.34
2065,11,281.04,280.40,281.44,283.31
2066,11,278.82,282.87,284.60,284.33
2067,11,279.82,284.56,283.25,280.20
2068,11,283.59,282.14,283.86,280.84
2069,11,281.94,282.50,283.27,281.35
2070,11,278.18,278.49,285.24,283.89
2071,11,281.94,280.69,280.65,280.95
2072,11,278.14,280.25,279.69,280.57
2073,11,278.00,282.21,283.07,284.31
2074,11,281.10,286.38,281.29,283.03
2075,11,281.41,281.74,284.65,280.30
2076,11,284.36,280.75,286.04,283.21
2077,11,281.16,283.43,283.48,287.00
2078,11,281.49,284.80,282.43,285.32
2079,11,277.91,281.52,283.76,285.24
2080,11,281.68,283.43,282.30,280.89
2081,11,280.54,283.70,281.45,282.16
2082,11,281.61,280.03,282.12,282.42
2083,11,282.86,284.32,285.16,280.94
2084,11,279.98,284.71,282.22,277.26
2085,11,280.85,282.68,285.04,283.58
2086,11,283.27,284.90,284.30,279.64
2087,11,281.39,282.89,284.75,280.18
2088,11,283.72,286.52,287.03,282.12
2089,11,279.55,282.03,281.51,281.45
2090,11,278.96,284.52,286.19,281.66
2091,11,280.02,284.19,283.41,284.46
2092,11,281.60,286.33,284.58,282.82
2093,11,280.61,284.57,280.81,280.76
2094,11,281.37,282.53,284.59,282.63
2095,11,281.28,281.81,285.33,283.26
2096,11,284.31,283.20,285.70,280.36
2097,11,278.85,284.95,280.60,279.86
2098,11,283.74,282.95,283.21,281.52
2099,11,278.83,284.63,285.52,287.65
2100,11,282.36,284.32,283.58,281.65
2001,12,274.55,274.91,274.67,272.40
2002,12,277.68,275.71,275.24,274.47
2003,12,275.20,277.61,276.20,273.55
2004,12,275.95,278.04,274.60,276.77
2005,12,275.82,277.11,273.97,275.71
2006,12,276.03,276.36,279.72,271.83
2007,12,276.99,275.63,275.82,275.62
2008,12,276.60,278.40,275.97,274.90
2009,12,272.30,276.56,276.65,273.22
2010,12,276.15,277.94,274.26,275.88
2011,12,272.54,275.93,274.95,278.68
2012,12,273.25,278.09,274.58,276.27
2013,12,276.41,275.57,274.44,274.70
2014,12,275.72,276.27,274.87,275.21
2015,12,277.62,275.44,276.10,276.52
2016,12,275.64,274.51,274.34,276.33
2017,12,275.30,277.78,277.97,276.41
2018,12,272.72,276.44,277.84,276.66
2019,12,275.67,273.97,275.36,276.67
2020,12,276.72,276.65,275.57,276.92
2021,12,273.68,277.90,275.83,274.79
2022,12,274.06,277.72,272.13,273.21
2023,12,276.99,274.03,276.14,276.47
2024,12,274.33,277.09,276.62,277.70
2025,12,273.26,279.51,273.21,275.89
2026,12,274.34,278.80,275.76,274.73
2027,12,276.63,274.17,275.72,276.18
2028,12,274.71,273.77,275.89,276.01
2029,12,273.02,276.70,277.86,274.58
2030,12,275.62,278.24,275.74,275.95
2031,12,274.72,274.14,273.77,274.35
2032,12,276.53,278.27,277.21,274.83
2033,12,273.98,279.07,275.20,276.62
2034,12,275.48,277.13,276.85,275.54
2035,12,277.34,276.51,273.72,276.85
2036,12,276.00,274.28,275.03,276.70
2037,12,275.20,276.69,277.50,278.16
2038,12,274.85,272.76,274.86,272.54
2039,12,274.94,275.93,276.99,276.50
2040,12,273.62,277.64,279.67,276.18
2041,12,275.19,278.09,277.89,276.34
2042,12,276.94,276.26,278.54,276.38
2043,12,276.52,274.95,274.63,277.95
2044,12,276.75,277.36,277.33,277.54
2045,12,277.00,275.79,277.26,276.77
2046,12,276.84,274.32,274.72,278.05
2047,12,275.69,277.02,276.51,276.04
2048,12,276.90,273.81,277.39,276.45
2049,12,275.29,275.61,277.54,276.93
2050,12,276.16,279.28,276.98,278.56
2051,12,278.89,279.71,277.84,276.49
2052,12,275.50,276.90,275.24,275.75
2053,12,276.66,277.73,279.27,276.47
2054,12,275.52,276.40,273.45,275.76
2055,12,278.41,279.61,277.22,275.63
2056,12,275.88,277.02,275.95,275.43
2057,12,279.37,276.12,276.67,276.31
2058,12,274.24,280.03,276.75,277.31
2059,12,274.92,274.00,278.30,278.05
2060,12,274.21,275.87,277.93,277.86
2061,12,276.09,277.66,279.55,277.21
2062,12,276.33,274.87,276.36,275.42
2063,12,275.47,275.85,275.98,275.91
2064,12,277.21,274.71,275.36,273.73
2065,12,273.96,276.72,275.70,277.78
2066,12,276.08,277.35,278.32,280.08
2067,12,274.35,277.80,276.11,279.36
2068,12,273.63,272.32,278.53,273.37
2069,12,273.67,276.88,277.19,276.60
2070,12,275.39,275.48,277.03,273.94
2071,12,273.78,277.56,278.39,276.52
2072,12,274.70,277.35,280.42,277.83
2073,12,277.36,275.61,276.79,278.01
2074,12,276.56,275.64,276.30,276.69
2075,12,272.99,274.61,277.53,276.86
2076,12,274.97,277.85,280.38,276.05
2077,12,274.47,275.91,276.50,276.90
2078,12,275.98,280.20,277.76,278.44
2079,12,274.02,278.40,280.26,279.58
2080,12,274.06,278.25,278.32,272.97
2081,12,276.00,276.84,278.10,275.43
2082,12,275.17,276.07,278.26,272.74
2083,12,277.30,277.43,282.08,276.65
2084,12,276.42,278.39,275.36,277.48
2085,12,276.78,277.32,276.14,274.05
2086,12,273.00,279.66,279.14,277.06
2087,12,278.29,277.17,282.40,276.98
2088,12,273.19,278.57,279.14,277.43
2089,12,275.98,279.21,277.38,276.50
2090,12,275.25,279.83,278.05,278.00
2091,12,275.83,276.80,278.82,278.07
2092,12,275.07,282.10,275.13,277.10
2093,12,275.42,276.39,277.11,277.86
2094,12,276.48,274.71,280.20,276.49
2095,12,276.11,274.53,282.73,276.44
2096,12,277.34,280.28,280.73,278.55
2097,12,276.76,272.27,279.09,274.17
2098,12,278.66,281.08,278.35,278.19
2099,12,275.80,278.15,278.92,276.32
2100,12,274.66,278.81,276.38,275.86
